experiment,val_rmse_0,val_rmse_1,val_rmse_2,val_rmse_3,val_rmse_4,val_rsq_0,val_rsq_1,val_rsq_2,val_rsq_3,val_rsq_4,val_mean_rmse,val_mean_rsq,val_var_rmse,val_var_rsq,submission_fname
"
Simple RF, but no one hot encoding,
n_estimators=100
",1.5161549333924051,1.7961251895715007,1.6276452004811142,1.821229771058252,1.835730022828974,0.13529228568417584,0.23919412761875836,0.2640768272241091,0.2976495196633596,0.2580728380832118,1.7193770234664492,0.23885711965472295,0.015903245779083884,0.0030375224386197342,rf_no_ohe.csv
