experiment,val_rmse_0,val_rmse_1,val_rmse_2,val_rmse_3,val_rmse_4,val_mean_rmse,val_var_rmse,best_iter,submission_fname
"LGB, params: {}, smpl: 100000",2.0252384750395835,1.9828830007925948,1.9684889895052735,1.7006305348374628,1.687969082110217,1.8730420164570263,0.021663327706188597,35,no_submission
"LGB, params: {}, smpl: 903653",1.3769931465020382,1.6820948384931418,1.560613328215769,1.7405122868066751,1.685183999624152,1.6090795199283552,0.016922151450695404,94,lgb_default.csv
"LGB, params: {'learning_rate': 0.05}, smpl: 100000",2.035140161923109,1.9888308147027862,1.9628779389063724,1.6948922791627679,1.6826531915215222,1.8728788772433114,0.023147689602277116,78,no_submission
"LGB+Nans params: {'learning_rate': 0.1}, smpl: 100000",2.0278726950744783,1.983380883394634,1.9641395404540987,1.7006305348374628,1.6895820250407632,1.8731211357602873,0.021565843924400134,39,no_submission
"LGB+Nans params: {'learning_rate': 0.1, 'bagging_fraction': 0.7, 'feature_fraction': 0.7}, smpl: 100000",2.0519811187979444,2.012088545729987,1.9807900127392588,1.7109829519095885,1.6770761981295739,1.8865837654612707,0.025342323575306958,46,no_submission
"LGB+Nans params: {'learning_rate': 0.1, 'bagging_fraction': 0.5, 'feature_fraction': 0.5}, smpl: 100000",2.0471288830339183,2.019600289574061,1.97859724375765,1.7048503514091757,1.6764473748524806,1.8853248285254574,0.02582220449634807,49,no_submission
"LGB+Nans params: {'learning_rate': 0.1, 'max_depth': 6, 'num_leaves': 32}, smpl: 100000",2.026526947864489,1.9814292623163148,1.9707801392923272,1.7030796211651589,1.6903890192553068,1.8744409979787195,0.02141954146862279,47,no_submission
